Social Concept,Concept ID,# Artwork Matches,# Related Tags,Avg. Freq. of Related Tags,# CO Objects,# CO Actions,Top 10 Objects,Avg_Freq_Top_Objects,Top 10 Actions,Avg_Freq_Top_Actions
death , 722 , 368 , 1455 , 7.756701030927835 , 288 , 38 , man woman religious and ceremonial clothing and personal effects furnishings male weapons female fine arts and music sea , 71.1 , standing lying down reclining supporting embracing sitting flying kneeling carrying sleeping , 14.5
destruction , 1715 , 262 , 955 , 7.9089005235602095 , 166 , 26 , sea storm wave man figure coast woman smoke rocky cliff , 42.0 , sitting floating rescuing kneeling standing carrying watching crouching death supporting , 4.7
caricature , 847 , 260 , 985 , 6.299492385786802 , 201 , 31 , man clothing and personal effects woman hat fine arts and music furnishings reading writing printed matter kitchen vessels and containers chair , 58.0 , standing sitting talking smiling watching walking pointing reclining flying shouting , 15.0
humour , 5443 , 235 , 1083 , 5.620498614958449 , 278 , 28 , man clothing and personal effects woman furnishings reading writing printed matter fine arts and music fine art and design named works poster vessels and containers food and drink , 39.9 , sitting standing smiling talking kneeling watching reclining walking holding hands washing , 8.4
cultural identity , 12833 , 204 , 630 , 9.86984126984127 , 140 , 21 , fine art and design named works man clothing and personal effects furnishings woman girl boy tools and machinery chair domestic , 46.1 , standing sitting embracing carrying hands clasped head in hand/hands watching hand/hands on hip kissing holding hands , 9.1
war , 3592 , 197 , 803 , 7.095890410958904 , 162 , 20 , man clothing and personal effects uniform weapons fine arts and music woman reading writing printed matter sheep skull animal/human , 28.0 , carrying kneeling sitting standing weeping lying down pointing screaming crouching sleeping , 2.9
eroticism , 6730 , 196 , 655 , 7.418320610687023 , 163 , 30 , woman female clothing and personal effects man furnishings male food and drink reading writing printed matter shoe underwear , 50.2 , sitting standing reclining embracing smiling walking lying down watching legs crossed leg/legs raised , 12.5
irony , 1704 , 190 , 766 , 6.617493472584856 , 183 , 13 , reading writing printed matter woman clothing and personal effects man wooded furnishings fine art and design named works product packaging medical medicine , 24.2 , standing sitting smiling reclining crouching carrying kneeling twisting leg/legs raised hand/hands on hip , 4.3
satire , 843 , 163 , 1153 , 5.212489158716392 , 243 , 30 , man woman reading writing printed matter clothing and personal effects fine arts and music newspaper 'L'Osservatore Romano' furnishings weapons female male , 45.2 , standing sitting talking flying walking watching carrying pointing reclining fleeing , 10.3
gender , 863 , 154 , 655 , 6.222900763358779 , 164 , 20 , woman clothing and personal effects reading writing printed matter poster furnishings food and drink man female chair vessels and containers , 30.5 , sitting standing crouching watching hand/hands on hip walking carrying kneeling leg/legs raised looking up , 5.6
human rights , 18270 , 148 , 497 , 10.138832997987928 , 106 , 18 , reading writing printed matter newspaper - non-specific man newspaper 'L'Osservatore Romano' fine arts and music woman print fine art and design named works male clothing and personal effects , 41.5 , flying protecting sitting standing fleeing talking running recoiling feeding hands clasped , 2.5
horror , 795 , 146 , 709 , 6.617771509167842 , 138 , 30 , man clothing and personal effects woman uniform animal/human reading writing printed matter male fine arts and music monster medical , 33.5 , standing sitting recoiling watching lying down screaming carrying hand/hands raised embracing fleeing , 6.0
transformation , 5930 , 143 , 784 , 4.468112244897959 , 188 , 21 , woman man figure clothing and personal effects female furnishings fine arts and music fine art and design named works male vessels and containers , 20.0 , standing reclining sitting fleeing running flying embracing hand/hands raised recoiling smiling , 5.3
anxiety , 758 , 140 , 734 , 4.94141689373297 , 174 , 29 , woman man clothing and personal effects shadow furnishings girl sea night figure beach , 21.3 , sitting standing holding hands watching talking head in hand/hands looking down sleeping kneeling embracing , 7.5
race , 1171 , 140 , 497 , 7.641851106639839 , 83 , 12 , man reading writing printed matter religious and ceremonial woman poster clothing and personal effects female figure fine art and design named works hill , 19.0 , standing lying down kneeling sitting watching fleeing carrying reclining washing leg/legs raised , 2.9
memory , 6852 , 136 , 651 , 5.863287250384024 , 159 , 17 , woman man furnishings shadow clothing and personal effects fine arts and music domestic tools and machinery fine art and design named works sea , 21.6 , holding hands standing carrying sitting sleeping embracing watching kneeling washing crouching , 4.1
contemplation , 2209 , 129 , 782 , 4.7851662404092075 , 189 , 24 , woman clothing and personal effects man furnishings reading writing printed matter fine arts and music girl book - non-specific wooded table , 27.0 , sitting standing head in hand/hands watching reclining looking down legs crossed crouching embracing looking up , 13.1
love , 3008 , 126 , 864 , 4.8344907407407405 , 192 , 30 , woman man wooded clothing and personal effects female fine arts and music furnishings male religious and ceremonial reading writing printed matter , 35.0 , sitting embracing standing watching talking kissing holding hands flying kneeling reclining , 14.5
decay , 2353 , 123 , 594 , 5.37037037037037 , 138 , 14 , furnishings man domestic woman clothing and personal effects wooded refuse figure root food and drink , 13.6 , standing sitting crouching walking lying down reclining sleeping watching pointing shouting , 2.7
violence , 1968 , 121 , 401 , 7.640897755610973 , 77 , 12 , reading writing printed matter newspaper - non-specific man woman weapons tools and machinery clothing and personal effects male gun handgun dog - non-specific , 19.5 , reclining death flying embracing protecting lying down sleeping twisting carrying running , 1.2
vulnerability , 3545 , 116 , 567 , 4.911816578483245 , 122 , 23 , woman man clothing and personal effects female furnishings root male girl shadow sea , 16.1 , standing crouching sitting death head in hand/hands hand/hands raised looking up talking flying looking down , 5.0
suffering , 12977 , 113 , 575 , 5.121739130434783 , 94 , 26 , man figure woman clothing and personal effects male domestic pin reading writing printed matter jumper furnishings , 17.5 , shouting sitting screaming lying down looking up standing carrying crouching weeping kneeling , 5.9
menace , 3981 , 103 , 719 , 3.956884561891516 , 163 , 20 , man clothing and personal effects woman figure furnishings weapons reading writing printed matter tools and machinery rocky mask , 12.3 , crouching standing sitting reclining hand/hands raised looking up pointing kneeling flying sleeping , 3.3
grief , 727 , 102 , 640 , 4.759375 , 153 , 25 , woman man religious and ceremonial fine arts and music furnishings child clothing and personal effects sculpture female male , 23.4 , sitting head in hand/hands weeping kneeling embracing standing lying down reclining carrying crouching , 10.5
fear , 2815 , 94 , 684 , 4.3845029239766085 , 143 , 28 , man woman male fine arts and music reading writing printed matter newspaper 'L'Osservatore Romano' night sea female clothing and personal effects , 21.2 , recoiling fleeing sitting running protecting standing supporting crouching hand/hands raised embracing , 5.8
isolation , 647 , 90 , 658 , 3.858662613981763 , 148 , 21 , man woman clothing and personal effects furnishings rocky fine arts and music wooded female tree toys and models , 14.0 , sitting standing watching head in hand/hands walking lying down reclining embracing talking washing , 4.9
prayer , 5741 , 88 , 623 , 4.261637239165329 , 133 , 27 , woman man religious and ceremonial clothing and personal effects furnishings reading writing printed matter boy cross fine arts and music weapons , 21.8 , kneeling sitting standing hands clasped looking down reclining lying down carrying flying embracing , 10.4
persecution , 2470 , 82 , 534 , 4.689138576779026 , 80 , 21 , man woman clothing and personal effects figure miscellaneous reading writing printed matter money religious and ceremonial weapons fine arts and music , 13.4 , looking up watching shouting lying down standing fleeing recoiling kneeling flying hands clasped , 3.5
sadness , 5345 , 82 , 602 , 3.9269102990033224 , 141 , 19 , man woman reading writing printed matter clothing and personal effects postcard agriculture gardening & fishing wooded fine arts and music furnishings sea , 15.8 , standing sitting weeping reclining embracing talking kneeling watching head in hand/hands supporting , 5.4
vision , 1714 , 80 , 598 , 3.971571906354515 , 143 , 21 , man woman figure night sea weapons tree furnishings cloud religious and ceremonial , 12.8 , sleeping sitting kneeling standing flying reclining crouching looking up pointing recoiling , 5.9
consumerism , 4063 , 71 , 484 , 4.729338842975206 , 129 , 7 , woman reading writing printed matter clothing and personal effects furnishings food and drink domestic electrical appliances kitchen tools and machinery product packaging , 16.4 , smiling sitting crouching standing reclining lying down talking , 2.4285714285714284
poetry , 13022 , 70 , 233 , 3.6781115879828326 , 41 , 5 , man fine art and design named works woman wing cow vessels and containers landscape - non-specific clothing and personal effects hat river , 2.5 , reclining flying head in hand/hands sitting watching , 1.0
nationalism , 7913 , 69 , 355 , 5.622535211267605 , 76 , 10 , clothing and personal effects fine arts and music man furnishings wooded hill mountain religious and ceremonial sculpture woman , 8.5 , standing smiling flying crouching reclining carrying running lying down spread-eagled watching , 1.3
happiness , 940 , 67 , 553 , 4.023508137432188 , 140 , 25 , woman man clothing and personal effects fine arts and music hill child boy furnishings agriculture gardening & fishing instrument pipe , 16.6 , standing smiling sitting kneeling holding hands embracing reclining walking shouting talking , 6.1
mystery , 4771 , 67 , 487 , 3.4804928131416837 , 134 , 7 , furnishings clothing and personal effects night man shadow sea woman cloud heating and lighting fine arts and music , 8.9 , sleeping walking standing embracing reclining flying carrying , 2.7142857142857144
fashion , 6930 , 67 , 371 , 4.318059299191375 , 105 , 10 , clothing and personal effects woman man reading writing printed matter hat jacket fine arts and music make-up furnishings poster , 17.6 , standing sitting watching walking smiling running urinating kneeling crouching looking down , 3.7
mourning , 2928 , 65 , 545 , 3.913761467889908 , 132 , 17 , woman man religious and ceremonial fine arts and music furnishings clothing and personal effects sculpture gravestone / tomb wooded vessels and containers , 17.6 , sitting standing head in hand/hands weeping lying down embracing reclining kneeling supporting flying , 5.5
poverty , 1306 , 64 , 516 , 4.383720930232558 , 122 , 19 , man woman clothing and personal effects domestic tools and machinery refuse wood furnishings vessels and containers boy , 16.7 , sitting standing watching carrying crouching sleeping walking lying down protecting talking , 3.7
shock , 1416 , 62 , 538 , 3.466542750929368 , 118 , 22 , man woman clothing and personal effects furnishings fine arts and music religious and ceremonial reading writing printed matter wooded man old heating and lighting , 14.9 , kneeling recoiling sitting standing watching reclining pointing fleeing flying hand/hands raised , 5.8
spirituality , 3672 , 62 , 318 , 3.4150943396226414 , 66 , 11 , man religious and ceremonial woman wing male figure clothing and personal effects star fine arts and music female , 4.9 , standing lying down watching sitting hand/hands raised kneeling floating sleeping flying leg/legs raised , 1.6
political protest , 5339 , 62 , 402 , 4.579601990049751 , 58 , 11 , miscellaneous money man reading writing printed matter woman clothing and personal effects weapons poster tools and machinery scientific and measuring , 11.3 , standing holding hands protecting running lying down walking fleeing recoiling looking down feeding , 1.4
worship , 5750 , 62 , 497 , 3.919517102615694 , 103 , 19 , man woman religious and ceremonial fine arts and music figure reading writing printed matter furnishings boy girl child , 14.0 , kneeling sitting standing recoiling crouching watching looking up washing legs crossed walking , 5.4
prejudice , 5364 , 58 , 306 , 5.284313725490196 , 46 , 6 , reading writing printed matter poster man woman fine art and design named works clothing and personal effects food and drink furnishings fine arts and music miscellaneous , 11.5 , carrying watching fleeing kneeling sitting spread-eagled , 1.5
energy , 572 , 57 , 308 , 3.6103896103896105 , 63 , 5 , figure tools and machinery man clothing and personal effects electrical appliances reading writing printed matter furnishings miscellaneous woman vessels and containers , 4.0 , standing crouching walking running flying , 1.2
creativity , 6767 , 56 , 440 , 3.202272727272727 , 93 , 14 , man fine arts and music woman furnishings tools and machinery figure table weapons clothing and personal effects vessels and containers , 8.2 , sitting standing flying lying down sleeping smiling walking kneeling running legs crossed , 1.7
ecology , 1308 , 55 , 358 , 3.804469273743017 , 86 , 3 , reading writing printed matter poster vessels and containers man beach figure clothing and personal effects fine art and design named works tree hat , 6.9 , talking death sleeping , 1.6666666666666667
desolation , 15753 , 55 , 391 , 4.0076726342711 , 80 , 8 , man dusk clothing and personal effects woman reading writing printed matter cloud miscellaneous postcard hill coat , 6.8 , crouching sitting pointing lying down running walking urinating standing , 1.25
morality , 554 , 52 , 578 , 3.342560553633218 , 122 , 18 , man woman clothing and personal effects fine art and design named works furnishings reading writing printed matter fine arts and music boy kitchen table , 16.2 , talking sitting standing watching embracing kneeling smiling crouching weeping holding hands , 4.4
despair , 1817 , 52 , 576 , 2.9565972222222223 , 112 , 19 , man woman clothing and personal effects weapons furnishings reading writing printed matter religious and ceremonial rocky sword fine art and design named works , 11.7 , sitting head in hand/hands weeping kneeling holding hands flying pointing standing watching lying down , 3.5
political belief , 4438 , 52 , 338 , 3.964497041420118 , 55 , 11 , reading writing printed matter poster man clothing and personal effects hat woman furnishings table religious and ceremonial flag - non-specific , 12.6 , talking sitting supporting walking embracing shouting standing kneeling marching carrying , 1.6
torture , 1787 , 51 , 364 , 5.524725274725275 , 73 , 11 , man reading writing printed matter fine arts and music newspaper 'L'Osservatore Romano' woman fine art and design named works male female print clothing and personal effects , 18.4 , sitting screaming protecting standing feeding hands clasped roaring talking running fleeing , 1.6
philosophy , 5349 , 51 , 145 , 4.76551724137931 , 35 , 3 , reading writing printed matter tools and machinery machinery toys and models man vessels and containers book - non-specific bottle fine arts and music woman , 8.6 , standing walking sitting , 1.6666666666666667
time , 4312 , 50 , 343 , 3.075801749271137 , 93 , 7 , scientific and measuring woman furnishings clothing and personal effects man cloud fine arts and music clock reading writing printed matter sea , 5.3 , standing sitting flying holding hands feeding looking down lying down , 1.5714285714285714
tenderness , 2205 , 49 , 352 , 3.7670454545454546 , 75 , 24 , woman man girl furnishings clothing and personal effects religious and ceremonial child boy vessels and containers grass , 10.5 , embracing sitting standing kneeling reclining sleeping smiling holding hands washing watching , 5.7
execution , 5052 , 49 , 467 , 3.3683083511777303 , 88 , 16 , man woman miscellaneous clothing and personal effects weapons female reading writing printed matter religious and ceremonial rocky night , 10.4 , standing lying down kneeling screaming sitting flying watching embracing reclining restraining , 2.4
memorial , 1755 , 48 , 393 , 3.2111959287531806 , 72 , 8 , man woman clothing and personal effects make-up religious and ceremonial fine arts and music coast sea male scientific and measuring , 7.7 , standing flying pointing sitting kneeling walking embracing supporting , 1.25
pun , 2438 , 48 , 341 , 2.8504398826979473 , 88 , 11 , food and drink clothing and personal effects woman vessels and containers furnishings fine arts and music reading writing printed matter underwear religious and ceremonial sports and games , 5.7 , leaping leg/legs raised marching sitting standing walking fleeing smiling reclining lying down , 1.0
murder , 2497 , 47 , 392 , 3.943877551020408 , 68 , 18 , man reading writing printed matter newspaper - non-specific woman furnishings weapons clothing and personal effects figure male rocky , 10.6 , standing lying down head in hand/hands looking down recoiling embracing kneeling fleeing reclining washing , 2.2
pollution , 828 , 46 , 297 , 4.198653198653199 , 80 , 2 , heathland figure domestic refuse wooded beach vessels and containers flower bush smoke , 8.4 , death washing , 1.5
slavery , 3991 , 46 , 254 , 4.0 , 53 , 5 , religious and ceremonial man woman clothing and personal effects sea fine arts and music figure armour fine art and design named works cloud , 6.5 , looking up embracing standing flying holding hands , 1.0
homosexuality , 3527 , 44 , 362 , 3.5801104972375692 , 61 , 20 , man furnishings male clothing and personal effects reading writing printed matter bed poster tools and machinery miscellaneous chair , 10.0 , standing reclining smiling washing talking embracing sitting supporting urinating kissing , 2.8
procession , 5743 , 44 , 275 , 4.887272727272728 , 55 , 14 , man woman figure religious and ceremonial hill wooded horse cross heating and lighting fine arts and music , 11.1 , walking kneeling carrying standing waving weeping head in hand/hands reclining holding hands sitting , 2.0
frustration , 3136 , 43 , 277 , 4.516245487364621 , 63 , 11 , reading writing printed matter poster man woman clothing and personal effects grass food and drink female vessels and containers fine arts and music , 9.9 , flying supporting sitting carrying urinating shouting weeping crouching hands clasped kneeling , 1.0
nostalgia , 6124 , 43 , 407 , 3.5503685503685505 , 86 , 13 , wooded woman man tree river vessels and containers hill clothing and personal effects furnishings reading writing printed matter , 8.3 , standing sitting carrying talking weeping reclining drinking looking down embracing flying , 1.4
flirtation , 553 , 41 , 439 , 3.437357630979499 , 108 , 15 , man woman clothing and personal effects furnishings vessels and containers wooded sea hat hill fan , 14.9 , sitting standing embracing talking holding hands watching smiling kissing reclining hand/hands on hip , 6.0
youth , 6728 , 41 , 336 , 3.6458333333333335 , 72 , 12 , man clothing and personal effects furnishings woman curtain girl chair grass male shirt , 10.1 , sitting standing crouching kneeling smiling carrying reclining protecting lying down talking , 2.9
education , 12609 , 41 , 225 , 4.613333333333333 , 51 , 7 , girl reading writing printed matter furnishings desk chair boy book - non-specific man woman pen , 14.0 , sitting head in hand/hands standing pointing talking walking holding hands , 5.285714285714286
freedom , 232 , 40 , 385 , 2.9064935064935065 , 59 , 10 , man woman reading writing printed matter clothing and personal effects fine art and design named works figure bird furnishings religious and ceremonial fine arts and music , 6.4 , watching looking up standing walking flying carrying holding hands pointing sitting crouching , 2.0
torture , 10217 , 38 , 300 , 4.75 , 62 , 9 , man male reading writing printed matter woman fine art and design named works fine arts and music tools and machinery female weapons newspaper 'L'Osservatore Romano' , 13.6 , shouting sitting embracing fleeing standing flying lying down sleeping watching , 1.8888888888888888
danger , 5719 , 37 , 346 , 2.9161849710982657 , 89 , 17 , sea man figure wave woman storm weapons reading writing printed matter rocky postcard , 7.4 , pulling running watching death supporting walking floating twisting flying lying down , 1.6
sensuality , 6738 , 37 , 229 , 3.7729257641921397 , 57 , 8 , woman furnishings female clothing and personal effects bed dragon moon star mud night , 8.7 , sitting reclining standing sleeping kneeling leg/legs raised washing looking up , 2.375
revolution , 8806 , 36 , 270 , 3.925925925925926 , 50 , 8 , man weapons gun rifle clothing and personal effects reading writing printed matter woman river weapon firing / explosion uniform fire , 7.3 , standing lying down walking flying crouching watching carrying pointing , 1.75
ephemerality , 5448 , 35 , 357 , 2.5014005602240896 , 103 , 5 , fine arts and music universe web fine art and design named works reading writing printed matter clothing and personal effects book - non-specific furnishings woman kitchen , 4.9 , lying down flying supporting kneeling looking up , 1.0
subconscious , 6780 , 34 , 212 , 3.6226415094339623 , 51 , 3 , moon star furnishings bed dragon mud night man clothing and personal effects woman , 6.5 , kneeling carrying looking up , 1.3333333333333333
prostitution , 1113 , 32 , 347 , 2.847262247838617 , 73 , 14 , woman man clothing and personal effects female furnishings hat reading writing printed matter fine arts and music bed couch , 9.8 , sitting standing watching reclining talking embracing kneeling walking pointing pleading , 3.5
victim , 7076 , 32 , 249 , 3.0481927710843375 , 38 , 16 , man woman male clothing and personal effects figure horse religious and ceremonial weapons boy fine arts and music , 4.8 , looking up standing shouting lying down embracing hands clasped fleeing hand/hands raised running sitting , 2.4
existence , 5587 , 31 , 257 , 3.2840466926070038 , 58 , 8 , clothing and personal effects woman female fine art and design named works jewellery man furnishings religious and ceremonial cross male , 7.9 , carrying kneeling crouching standing smiling walking sitting head in hand/hands , 2.25
refugee , 4384 , 30 , 166 , 5.210843373493976 , 23 , 7 , fine art and design named works furnishings chair woman girl reading writing printed matter boy newspaper - non-specific man miscellaneous , 8.4 , sitting hand/hands on hip standing embracing fleeing carrying reclining , 1.4285714285714286
resurrection , 1780 , 29 , 298 , 3.664429530201342 , 65 , 26 , woman man religious and ceremonial gravestone / tomb child girl boy man old flower figure , 10.2 , kneeling embracing crouching reclining standing flying looking up carrying watching lying down , 3.9
fertility , 1042 , 28 , 287 , 2.937282229965157 , 83 , 9 , woman food and drink man wooded vessels and containers female agriculture gardening & fishing basket star fruit apple , 9.4 , standing walking carrying sitting holding hands death reclining crouching hands clasped , 2.2222222222222223
exhilaration , 3465 , 28 , 183 , 2.978142076502732 , 22 , 3 , woman man clothing and personal effects hill religious and ceremonial cross robe scarf sea beach , 1.9 , smiling embracing watching , 1.0
dysfunction , 877 , 27 , 310 , 2.0903225806451613 , 73 , 9 , furnishings man woman miscellaneous electrical appliances chair table reading writing printed matter clothing and personal effects mirror , 4.3 , washing carrying watching crouching sitting kneeling standing waiting urinating , 1.0
revolutionary , 4372 , 27 , 270 , 3.0555555555555554 , 28 , 12 , man clothing and personal effects figure woman weapons hat dog - non-specific reading writing printed matter tools and machinery storm , 4.3 , sitting talking walking running crouching lying down carrying fleeing recoiling looking down , 1.3
hope , 11716 , 27 , 331 , 2.6465256797583083 , 82 , 12 , woman man reading writing printed matter boy religious and ceremonial river mountain cloud sea clothing and personal effects , 5.3 , watching sitting flying standing pointing floating looking up embracing sleeping lying down , 1.9
friendship , 657 , 26 , 289 , 2.8269896193771626 , 55 , 14 , man woman clothing and personal effects fine art and design named works furnishings boy spectacles girl sunlight fine arts and music , 6.0 , embracing sitting standing hand/hands on hip talking crouching head in hand/hands protecting holding hands walking , 2.6
militarism , 938 , 25 , 317 , 2.533123028391167 , 74 , 12 , man clothing and personal effects woman religious and ceremonial weapons female furnishings horse figure male , 4.4 , standing sitting holding hands protecting pointing lying down talking carrying running hand/hands raised , 1.4
void , 4357 , 24 , 125 , 2.832 , 28 , 0 , fine art and design named works shadow furnishings vessels and containers bucket figure man forest chair clothing and personal effects , 2.6 ,  , 0
courage , 1060 , 23 , 264 , 2.3295454545454546 , 51 , 9 , man woman weapons religious and ceremonial horse clothing and personal effects figure fine art and design named works sword weapon firing / explosion , 3.7 , standing carrying sitting sleeping talking rescuing walking supporting weeping , 1.3333333333333333
cosmos , 9592 , 23 , 148 , 2.97972972972973 , 38 , 3 , woman man sea male planet star weapons sun tools and machinery cloud , 2.2 , flying reclining standing , 1.3333333333333333
power , 3542 , 22 , 192 , 2.2395833333333335 , 30 , 10 , man woman clothing and personal effects suit female male horse hippopotamus sea monster star , 2.6 , crouching watching pointing reclining sitting walking kneeling lying down flying standing , 1.2
sacrifice , 5752 , 22 , 267 , 2.3670411985018727 , 59 , 6 , religious and ceremonial woman man wooded clothing and personal effects vessels and containers heating and lighting fire fine art and design named works fine arts and music , 4.5 , standing kneeling sitting carrying watching restraining , 2.6666666666666665
innocence , 6725 , 22 , 207 , 2.78743961352657 , 43 , 13 , man clothing and personal effects woman girl furnishings wooded man old vessels and containers bowl bird , 4.9 , kneeling sitting standing washing hands clasped feeding lying down reclining smiling carrying , 2.3
western society , 17248 , 22 , 291 , 2.5017182130584192 , 56 , 6 , man fine art and design named works reading writing printed matter furnishings miscellaneous woman couch clothing and personal effects fine arts and music agriculture gardening & fishing , 4.5 , lying down reclining standing talking washing leg/legs raised , 1.1666666666666667
charity , 2789 , 21 , 314 , 2.232484076433121 , 71 , 8 , man woman clothing and personal effects reading writing printed matter religious and ceremonial man old woman old furnishings fine arts and music child , 5.9 , standing sitting watching walking talking flying marching pointing , 2.375
patriotism , 3678 , 21 , 431 , 2.382830626450116 , 111 , 9 , woman religious and ceremonial man food and drink reading writing printed matter weapons clothing and personal effects kitchen vessels and containers flag Union Flag , 6.9 , carrying sitting smiling watching walking crouching holding hands embracing standing , 2.111111111111111
heroism , 6782 , 20 , 296 , 2.3277027027027026 , 52 , 7 , man woman clothing and personal effects fine arts and music furnishings miscellaneous rocky weapons sword figure , 4.7 , standing rescuing hands clasped reclining sleeping sitting kissing , 1.5714285714285714
punishment , 1344 , 18 , 208 , 3.423076923076923 , 53 , 8 , man male female woman reading writing printed matter newspaper 'L'Osservatore Romano' fine arts and music fire painting hill , 7.7 , kneeling pushing embracing watching scratching crouching flying death , 1.125
guilt , 1627 , 18 , 307 , 2.1661237785016287 , 64 , 17 , man woman rocky furnishings clothing and personal effects fine arts and music male cat girl fine art and design named works , 5.0 , lying down embracing head in hand/hands standing hands clasped sitting fleeing weeping running kneeling , 2.2
displacement , 4360 , 18 , 291 , 2.1030927835051547 , 57 , 13 , man woman clothing and personal effects reading writing printed matter vessels and containers basket sea coat hat umbrella , 3.8 , sitting walking legs crossed standing holding hands running waving reclining washing hands clasped , 1.2
creation , 5876 , 18 , 162 , 2.1604938271604937 , 26 , 5 , woman man fire female furnishings horse serpent star male branch , 2.0 , kneeling flying running reclining standing , 1.0
design , 18481 , 18 , 175 , 2.2285714285714286 , 40 , 7 , man fine arts and music fine art and design named works reading writing printed matter furnishings woman vessels and containers heating and lighting painting photograph , 3.8 , standing talking sitting walking playing kneeling carrying , 1.1428571428571428
shame , 1560 , 17 , 264 , 2.1666666666666665 , 47 , 11 , man woman clothing and personal effects vessels and containers bowl furnishings female reading writing printed matter male table , 5.4 , kneeling standing washing pointing sitting crouching weeping watching looking down head in hand/hands , 2.2
humility , 3847 , 17 , 243 , 2.3950617283950617 , 50 , 12 , man woman furnishings clothing and personal effects fine arts and music table vessels and containers bowl man old throne , 5.7 , kneeling standing washing sitting watching holding hands looking down talking embracing crouching , 3.1
sensuality , 4067 , 16 , 163 , 2.2024539877300615 , 24 , 5 , female woman boy clothing and personal effects cyclamen blossom leopard food and drink fruit apple lily , 2.1 , reclining crouching sleeping standing washing , 1.2
blessing , 5734 , 16 , 225 , 2.3066666666666666 , 54 , 11 , man woman reading writing printed matter clothing and personal effects religious and ceremonial book - non-specific fine arts and music furnishings table kitchen , 4.6 , kneeling sitting standing hand/hands raised head in hand/hands embracing crouching recoiling carrying talking , 2.7
soul , 5748 , 16 , 183 , 2.6830601092896176 , 31 , 7 , man woman male female star religious and ceremonial fine art and design named works child agriculture gardening & fishing food and drink , 4.8 , flying sitting walking embracing kissing watching lying down , 1.7142857142857142
wealth , 16236 , 16 , 233 , 2.356223175965665 , 61 , 6 , woman clothing and personal effects furnishings dress man jewellery fine arts and music heating and lighting religious and ceremonial glove , 6.5 , standing sitting reclining pointing lying down talking , 2.8333333333333335
salvation , 5746 , 15 , 198 , 2.5353535353535355 , 47 , 7 , man woman cloud male sea sunset sheep wooded figure agriculture gardening & fishing , 4.7 , flying weeping walking floating looking up embracing kneeling , 1.5714285714285714
enclosure , 6921 , 15 , 153 , 1.9607843137254901 , 23 , 4 , woman man furnishings clothing and personal effects female male couch cushion drapery pool , 2.1 , embracing reclining twisting floating , 1.25
pornography , 8598 , 15 , 219 , 2.3378995433789953 , 56 , 4 , woman female reading writing printed matter clothing and personal effects man food and drink magazine - non-specific swimming costume dress toys and models , 4.6 , smiling standing hand/hands raised sitting , 1.5
growth , 10522 , 15 , 108 , 2.287037037037037 , 23 , 4 , tree man woman plant trunk seed food and drink male clothing and personal effects suit , 2.0 , kneeling smiling lying down sleeping , 1.0
voyeurism , 12971 , 14 , 219 , 2.6575342465753424 , 69 , 8 , clothing and personal effects man furnishings woman fine arts and music sports and games swimming costume sea wave reading writing printed matter , 6.2 , watching sitting kneeling reclining sleeping standing carrying crouching , 2.5
peace , 13553 , 14 , 215 , 2.083720930232558 , 46 , 5 , woman man clothing and personal effects figure flower female mountain hill coast sea , 2.6 , flying sitting reclining pointing watching , 1.8
pessimism , 759 , 13 , 91 , 2.087912087912088 , 17 , 1 , man farmland moat reflection tree moon plant furnishings chair electrical appliances , 1.1 , sitting , 1.0
rape , 1966 , 13 , 140 , 2.6142857142857143 , 19 , 4 , woman man female male horse cloud storm elephant mountain rocky , 3.5 , crouching fleeing kneeling screaming , 1.5
transvestism , 6006 , 13 , 144 , 2.826388888888889 , 30 , 4 , man clothing and personal effects make-up wig furnishings woman fine art and design named works male tie bed , 4.7 , standing embracing sitting hand/hands on hip , 2.0
foolishness , 6764 , 13 , 197 , 2.238578680203046 , 58 , 11 , man woman clothing and personal effects fine arts and music man old hill furnishings wooded hat agriculture gardening & fishing , 4.4 , standing sitting watching talking weeping pointing flying smiling supporting kneeling , 2.1
serenity , 2520 , 12 , 209 , 1.6985645933014355 , 45 , 6 , woman fine arts and music figure female man heating and lighting lake reflection sea blossom , 2.4 , flying kneeling pointing weeping looking down standing , 1.0
suicide , 5147 , 12 , 228 , 1.9649122807017543 , 33 , 5 , man woman furnishings bed male reading writing printed matter clothing and personal effects fine art and design named works dove poppy , 3.1 , reclining lying down screaming standing talking , 1.4
pride , 6191 , 12 , 178 , 1.9213483146067416 , 36 , 9 , clothing and personal effects man woman hat pipe vessels and containers helmet female figure furnishings , 3.1 , standing talking looking down supporting watching sitting smiling looking up carrying , 1.3333333333333333
boredom , 7046 , 11 , 173 , 2.485549132947977 , 39 , 5 , man woman clothing and personal effects heating and lighting fine arts and music furnishings kitchen girl ornament cigar , 4.5 , standing head in hand/hands sitting embracing sleeping , 3.4
sublime , 2982 , 10 , 155 , 1.7419354838709677 , 34 , 2 , cloud storm man wooded coast sea smoke miscellaneous buoy heating and lighting , 1.4 , death leaping , 1.0
shamanism , 3026 , 10 , 130 , 1.7076923076923076 , 34 , 5 , female woman vessels and containers scientific and measuring man religious and ceremonial furnishings bag agriculture gardening & fishing male , 1.9 , spread-eagled walking standing crouching sleeping , 1.0
seduction , 3185 , 10 , 157 , 1.9363057324840764 , 34 , 8 , woman man female toys and models furnishings reading writing printed matter fine arts and music kitchen tools and machinery machinery , 3.2 , kneeling reclining standing crouching lying down sitting pleading talking , 1.375
wisdom , 6727 , 10 , 119 , 2.2184873949579833 , 23 , 10 , woman man hill fine arts and music agriculture gardening & fishing instrument panpipes instrument pipe sheep sunset man old , 3.0 , standing kneeling sitting lying down talking embracing holding hands flying pointing weeping , 1.5
infidelity , 3251 , 9 , 182 , 2.0824175824175826 , 36 , 14 , woman man reading writing printed matter book - non-specific furnishings female male girl fine art and design named works mirror , 3.9 , embracing watching kissing sitting flying lying down reclining sleeping carrying crouching , 1.6
haunting , 4320 , 9 , 136 , 1.7426470588235294 , 33 , 5 , figure man woman fine arts and music lake mountain valley water-lily hill mist , 1.7 , recoiling flying sitting fleeing screaming , 1.0
silence , 4484 , 9 , 146 , 1.5273972602739727 , 36 , 2 , furnishings man sunset man old woman reading writing printed matter book - non-specific religious and ceremonial crown medical , 1.4 , floating roaring , 1.0
virtue , 6766 , 9 , 139 , 1.8920863309352518 , 27 , 8 , man woman dog - non-specific clothing and personal effects reading writing printed matter religious and ceremonial blossom tools and machinery fine arts and music instrument lute , 2.6 , kneeling standing protecting flying talking rescuing carrying looking down , 1.5
sin , 10932 , 9 , 193 , 2.1191709844559585 , 43 , 11 , man woman female reading writing printed matter rocky clothing and personal effects cat weapons shield spear , 4.4 , restraining sitting standing pleading kneeling reclining flying embracing smiling hands clasped , 1.5
emigration / immigration , 17309 , 9 , 141 , 1.7092198581560283 , 26 , 8 , man woman clothing and personal effects furnishings chair vessels and containers basket suitcase child coast , 1.7 , sitting standing legs crossed hands clasped talking carrying embracing walking , 1.25
language , 6787 , 8 , 94 , 1.7872340425531914 , 17 , 3 , man scientific and measuring clock religious and ceremonial fine art and design named works electrical appliances television furnishings wallpaper fire , 1.3 , talking carrying crouching , 1.0
psychology , 11205 , 8 , 160 , 1.775 , 23 , 5 , clothing and personal effects reading writing printed matter woman mask postcard sunglasses female furnishings mirror reflection , 2.0 , sitting legs crossed looking down watching washing , 1.2
speed , 15754 , 8 , 126 , 1.992063492063492 , 28 , 1 , man clothing and personal effects mask scientific and measuring dog - non-specific figure woman cat d√©colletage reading writing printed matter , 1.9 , running , 2.0
robbery , 4429 , 7 , 174 , 1.6436781609195403 , 30 , 4 , man woman reading writing printed matter weapons clothing and personal effects vessels and containers box scroll fine arts and music tapestry , 2.1 , head in hand/hands carrying flying standing , 1.0
infinity , 6274 , 7 , 40 , 2.225 , 6 , 0 , sky fine art and design named works electrical appliances projector tools and machinery string , 1.0 ,  , 0
ritual , 16166 , 7 , 127 , 1.5590551181102361 , 30 , 2 , man clothing and personal effects woman vessels and containers earth tattoo religious and ceremonial chalice bowl heating and lighting , 1.4 , sitting standing , 1.0
uncertainty , 18245 , 7 , 89 , 2.449438202247191 , 15 , 3 , man vessels and containers bottle jar clothing and personal effects suit furnishings table tools and machinery ladder , 3.4 , standing carrying lying down , 3.3333333333333335
child abuse , 5355 , 6 , 77 , 1.7922077922077921 , 10 , 1 , girl man male furnishings animal/human bear boy woman weapons dagger / knife , 1.6 , screaming , 1.0
political power , 12443 , 6 , 130 , 1.5538461538461539 , 20 , 0 , man reading writing printed matter book - non-specific scientific and measuring document - non-specific quill pen heating and lighting globe furnishings table , 1.5 ,  , 0
strength , 16927 , 6 , 94 , 1.6702127659574468 , 15 , 5 , man clothing and personal effects woman figure male furnishings curtain jacket jumper suit , 1.7 , sitting crouching reclining standing walking , 1.2
transfiguration , 5391 , 5 , 122 , 1.639344262295082 , 19 , 3 , man woman dove scientific and measuring sundial sea poppy female religious and ceremonial cross , 1.9 , lying down standing flying , 1.0
enchantment , 8954 , 5 , 83 , 1.4457831325301205 , 21 , 1 , man beach sea cave forest palm female landscape - non-specific pig religious and ceremonial , 1.1 , standing , 1.0
narcissism , 15936 , 5 , 111 , 1.4594594594594594 , 23 , 6 , female woman clothing and personal effects reflection fine arts and music plinth swimming costume furnishings mirror dog - non-specific , 1.8 , watching washing sitting crouching head in hand/hands looking down , 1.0
survival , 17953 , 5 , 81 , 1.4691358024691359 , 20 , 0 , miscellaneous felt vessels and containers furnishings fine arts and music heating and lighting box agriculture gardening & fishing torch bag , 1.8 ,  , 0
unemployment , 13544 , 4 , 106 , 1.330188679245283 , 24 , 1 , toys and models clothing and personal effects leaf domestic tools and machinery electrical appliances television uniform figure hill , 1.2 , watching , 1.0
technology , 16446 , 4 , 80 , 1.3375 , 19 , 0 , electrical appliances kitchen toaster fine art and design named works furnishings desk table wallpaper television food and drink , 1.1 ,  , 0
regeneration , 18016 , 4 , 77 , 1.3506493506493507 , 13 , 0 , heating and lighting fire open palm electrical appliances vessels and containers box furnishings table tools and machinery wire , 1.0 ,  , 0
secrecy , 21821 , 4 , 56 , 1.6964285714285714 , 10 , 0 , fine art and design named works electrical appliances vessels and containers box food and drink meat vegetable - non-specific furnishings mirror table , 1.0 ,  , 0
illegitimacy , 2361 , 3 , 50 , 1.36 , 9 , 2 , woman clothing and personal effects male man furnishings mirror drapery tights figure , 1.2222222222222223 , smiling supporting , 1.0
hatred , 5149 , 3 , 94 , 1.2127659574468086 , 5 , 4 , man woman female dog - non-specific figure , 1.4 , hand/hands raised sitting standing screaming , 1.0
terrorism , 15740 , 3 , 60 , 1.2666666666666666 , 5 , 0 , clothing and personal effects man uniform figure ribbon , 1.2 ,  , 0
vitality , 17956 , 3 , 34 , 1.4705882352941178 , 3 , 0 , planet clothing and personal effects hat , 1.0 ,  , 0
disbelief , 1613 , 2 , 36 , 1.2777777777777777 , 1 , 2 , man , 2.0 , kneeling standing , 1.0
vandalism , 6353 , 2 , 86 , 1.1046511627906976 , 12 , 4 , religious and ceremonial man woman reading writing printed matter book - non-specific gravestone / tomb clothing and personal effects ring fine arts and music sculpture , 1.1 , kneeling looking down recoiling supporting , 1.0
triumph , 6709 , 2 , 79 , 1.0886075949367089 , 11 , 3 , child man woman furnishings chair religious and ceremonial flag - non-specific flag Union Flag wreath horse , 1.0 , carrying sitting standing , 1.0
treason , 15862 , 2 , 80 , 1.15 , 15 , 2 , man child girl woman clothing and personal effects helmet shirt weapons gun handgun shield , 1.1 , embracing standing , 1.0
meditation , 18096 , 2 , 38 , 1.236842105263158 , 6 , 3 , man female woman fine art and design named works fine arts and music sculpture classical , 1.0 , lying down looking down standing , 1.0
sanctuary , 6923 , 1 , 53 , 1.0 , 7 , 3 , boy man woman vessels and containers box weapons spear , 1.0 , embracing protecting talking , 1.0
investiture , 8979 , 1 , 18 , 1.0 , 5 , 2 , man clothing and personal effects hat weapons sword , 1.0 , kneeling watching , 1.0
hypocrisy , 9661 , 1 , 23 , 1.0 , 4 , 0 , clothing and personal effects cloak male man , 1.0 ,  , 0
sacrament , 15454 , 1 , 12 , 1.0 , 4 , 0 , religious and ceremonial chalice kitchen flower , 1.0 ,  , 0
exile , 15834 , 1 , 17 , 1.0 , 1 , 0 , man , 1.0 ,  , 0
pomposity , 17199 , 1 , 16 , 1.0 , 0 , 0 ,  , 1.0 ,  , 0
gratitude , 17838 , 1 , 23 , 1.0 , 2 , 2 , man woman , 1.0 , kneeling watching , 1.0
paranoia , 21388 , 1 , 7 , 1.0 , 0 , 0 ,  , 1.0 ,  , 0
